mais.confessions|-1
samanyus16|0
aanyadarshan|0
punsss.04|0
ayushtosh|0
aanyaa_27|0
armaanjamal06|0
pradhyot_shah|0
ameliafsav|0
avika.amin|0
zaarah_dasgupta|0
keith.mathew2209|0
vidur_ayappa|0
vayacado|1
vedant.xv|0
premnidhinichani|0
arav.aep|0
irika_tongia|0
sia.handa|0
zoha_rafiq10|0
cwazydaze|0
oviyaan14|0
1shaan14|0
siddhant_2009_|0
khushi_banakar|0
mischa_prabhu797|0
arhaandadu|0
nairafazall|0
krithikd13|0
simran_sampat|0
taran_savoorr|0
suhaaaannn|0
aadithya.athreya|0
aaravhinduja_28|0
keya.kko|0
ananyanigam07|0
gauri_43233|0
aditya.harsh_|0
siddharth.r07|1
sainaa_0101|0
_riyamehta._|0
ran.talwalkar|0
nihal_pinto|0
_khadeera_|0
krishay.shekar|0
aryan_wadhwa10|0
sumer.nag_27|0
dia.leela|0
maanyasshetty|0
vedakini|0
guruuu.k|1
_akash.shetty|0
vishnuiyengar20|0
matthew._.k|0
mridyasood|0
dhruv.kumar14|0
ronavpai|0
yohann.victorr|0
caitlynmallier|0
_agastya_g|0
hana.ponnanna|0
divyam3_agarwal|0
susheev_07|0
mayura8144|0
osho7923|0
natasha_zedkay|0
thea.hegde|0
mahima_rajan_|0
anushree.m_|0
an_ant_2005|0
vedikaramraj_|0
vedika_xx27|0
shanmitha_balusu|0
pranav.n11|0
dhruvr453|0
aaravjj_|0
samarth.menda|0
gayatri_tariyal|0
suki_kurpad|0
_shirin.raja|0
prouns.04312|0
yashy_44|0
samairra.uk|0
m_yeah._|0
aaditmathew|0
aanaya._.k|0
tanishaapatwardhan|0
prakhar__shah|0
taamaramenon|0
miaychopra|0
iamvani21|1
siya.raheja|0
_9tara_|0
vedaant_rohera|0
radhikamramdas|0
aaniarmuthreja|0
_.sitara._|0
24_adyx|0
rainapradhan|0
divesha.chordia|0
lewis_hamilton_shetty|0
aarav.mahesh|0
arjunmat._.16|0
virkamat|0
ahana.nagaraj|0
manya.ganapathy|0
tasha_ponnanna|0
rahaelk28|0
om.iyer|0
advay_shekar|0
dhyansengupta|0
mahikanaidu|0
vikramanna68421|0
_shreyanarayanan|0
ahanaraju4|0
laila_s1024|0
aditri.shetty|0
sahana_jaimitt|1
nethra_something|0
vivaan.2009|0
vivaandeshpande_|0
dev.mxlon|0
ronan.v7|0
shayan_safir|0
ameyakrii|0
dritigowda16|0
_plad_03|0
_mattew.menon|0
m.athreya_15|0
mehrasuhaan|0
siya._.dahiya|0
nriiti|0
vns4354|0
ranvir_1591|0
ayaanpanjwani|0
anvitasethi_30|0
sana_padhi_|0
aaronj_52|0
arnav_vg|0
ananya.gowdaaa|0
ani_deepak3|0
so_call_me_kb|0
kanvathakeria|0
eashan_aj|0
agarwal_aavya|0
krish.s_06|0
nandita_156|0
gabriel11savage11|0
dyuthimenon_1639|0
riya_9406|0
pratyusha_ravikumar|0
omagarwalla_22|0
taarusheetarun|0
shriyakaruturi_|0
yuvvi_s|0
gagann._08|0
x_sparshaa_x|0
adijalan_06|0
tara_diwakar03|0
projectonnn_bengaluru|1
addvika___|0
amarnanidivinaa|0
vibxs_25|0
itsmee_rvt|0
tanushkalra|0
maahit06|0
ri._.raj|0
rounak_k_26|0
vaibhavsha07|0
pranav.bhattad|0
talia__2550|0
ananya.khandwala|0
crocky.2418|0
diyaan6767|0
rohansharma525|0
diabhandari_|0
siriyaani|0
ishan.gopinath|0
aligmaballs|0
sxmxrth_44|0
ved.c22|0
ajuni.bagri|0
_.xnish_|0
vishnufuckingiyengar|0
ddxd_15|1
shaan5176|0
ved.21|0
mira_anand13|0
nithanthalva|0
atharva_harshavardhan|0
myeishashetty|0
anay.saha__|0
sameeka11|0
manu.kalkur|0
lxap_2005|0
sainaandmaanitaremygods|0
samairrauthappa|0
dhruvramasubban|0
sanaa_1775|0
aavya_2008|0
theorphicartist|0
sarayukamath|0
tara__917|0
ayush_raavi1122|0
maanyaandco|0
anvithaparasa|0
aryaveer_2406|0
kaashvigirish|0
maninialva|0
baji_keisuke_21101080_|0
hitakshimehraa|0
mika_reddyy|0
surya_sanjay28|0
william_kelman_18|0
myra_6972_|0
shayaanhemdev|0
